{
  "com.liferay.client.extension.type.configuration.CETConfiguration~krypton-service-master-cx" : {
    ":configurator:policy" : "force",
    "baseURL" : "${portalURL}/o/krypton-service-master-cx",
    "buildTimestamp" : 1765197399433,
    "description" : "",
    "dxp.lxc.liferay.com.virtualInstanceId" : "default",
    "name" : "Krypton Service Master",
    "projectId" : "kryptonservicemastercx",
    "projectName" : "krypton-service-master-cx",
    "properties" : [ ],
    "sourceCodeURL" : "",
    "type" : "customElement",
    "typeSettings" : [ "friendlyURLMapping=krypton-service-master-cx", "instanceable=false", "urls=assets\\index-d5a96749.js", "useESM=true", "htmlElementName=krypton-service-master-cx", "portletCategoryName=category.client-extensions" ],
    "webContextPath" : "/krypton-service-master-cx"
  }
}